id,action,reason
tr-00013,fix,schema_priority_order_and_thresholds
tr-00018,fix,schema_priority_order_and_thresholds
tr-00020,fix,legacy_schema_prio_to_priority;ticket_evidence_txn_date
tr-00023,fix,schema_priority_order_and_thresholds
tr-00034,drop,empty_or_test_ticket_unrelated_label
tr-00045,fix,schema_priority_order_and_thresholds
tr-00047,fix,schema_needs_human_repeat_or_p1
tr-00049,fix,legacy_schema_prio_to_priority
tr-00055,fix,schema_needs_human_repeat_or_p1
tr-00058,fix,legacy_schema_prio_to_priority;ticket_evidence_txn_date
tr-00059,fix,schema_priority_order_and_thresholds
tr-00060,drop,truncated_or_invalid_json
tr-00071,fix,ticket_evidence_txn_id
tr-00072,fix,legacy_schema_prio_to_priority
tr-00073,fix,ticket_evidence_amount_paise
tr-00077,fix,legacy_schema_prio_to_priority;ticket_evidence_txn_date
tr-00095,drop,truncated_or_invalid_json
tr-00114,fix,legacy_schema_prio_to_priority
tr-00120,fix,legacy_schema_prio_to_priority
tr-00123,fix,legacy_schema_prio_to_priority;ticket_evidence_txn_date
tr-00125,drop,truncated_or_invalid_json
tr-00129,fix,schema_priority_order_and_thresholds
tr-00144,fix,ticket_evidence_amount_paise
tr-00146,fix,schema_priority_order_and_thresholds
tr-00147,fix,ticket_evidence_txn_id
tr-00151,fix,ticket_evidence_txn_id
tr-00153,fix,legacy_schema_prio_to_priority;ticket_evidence_txn_date
tr-00154,fix,schema_priority_order_and_thresholds
tr-00156,drop,duplicate_ticket_keep_tr-00030
tr-00160,fix,legacy_schema_prio_to_priority;ticket_evidence_txn_date
tr-00164,drop,empty_or_test_ticket_unrelated_label
tr-00167,fix,ticket_evidence_amount_paise
tr-00172,drop,truncated_or_invalid_json
tr-00178,fix,legacy_schema_prio_to_priority
tr-00184,fix,schema_priority_order_and_thresholds
tr-00185,fix,schema_needs_human_repeat_or_p1
tr-00187,fix,ticket_evidence_amount_paise
tr-00192,fix,legacy_schema_prio_to_priority
tr-00199,fix,ticket_evidence_amount_paise
tr-00208,drop,duplicate_ticket_keep_tr-00150
tr-00211,drop,duplicate_ticket_keep_tr-00137
tr-00212,fix,schema_priority_order_and_thresholds
tr-00219,fix,legacy_schema_prio_to_priority
tr-00220,fix,schema_priority_order_and_thresholds
tr-00222,fix,ticket_evidence_amount_paise
tr-00223,fix,legacy_schema_prio_to_priority
tr-00225,fix,schema_priority_order_and_thresholds
tr-00226,drop,duplicate_ticket_keep_tr-00070
tr-00231,fix,schema_needs_human_repeat_or_p1
tr-00243,fix,schema_needs_human_repeat_or_p1
tr-00249,fix,legacy_schema_prio_to_priority;ticket_evidence_txn_date
tr-00252,fix,schema_needs_human_repeat_or_p1
tr-00258,fix,legacy_schema_prio_to_priority
tr-00263,fix,legacy_schema_prio_to_priority;ticket_evidence_txn_date
tr-00264,fix,ticket_evidence_amount_paise
tr-00267,drop,truncated_or_invalid_json
tr-00294,fix,schema_priority_order_and_thresholds
tr-00297,drop,duplicate_ticket_keep_tr-00142
tr-00306,fix,schema_priority_order_and_thresholds
tr-00307,drop,duplicate_ticket_keep_tr-00207
tr-00309,fix,schema_priority_order_and_thresholds
tr-00312,fix,schema_priority_order_and_thresholds
tr-00318,drop,empty_or_test_ticket_unrelated_label
tr-00320,fix,legacy_schema_prio_to_priority
tr-00328,fix,ticket_evidence_amount_paise
tr-00346,fix,legacy_schema_prio_to_priority
tr-00347,fix,legacy_schema_prio_to_priority;ticket_evidence_txn_date
tr-00349,drop,duplicate_ticket_keep_tr-00217
tr-00355,fix,schema_priority_order_and_thresholds
tr-00357,drop,truncated_or_invalid_json
tr-00364,drop,duplicate_ticket_keep_tr-00173
tr-00365,fix,legacy_schema_prio_to_priority
tr-00370,fix,legacy_schema_prio_to_priority;ticket_evidence_txn_date
tr-00373,drop,duplicate_ticket_keep_tr-00345
tr-00379,fix,schema_needs_human_repeat_or_p1
tr-00380,fix,schema_priority_order_and_thresholds
tr-00382,fix,ticket_evidence_amount_paise
tr-00385,fix,legacy_schema_prio_to_priority
tr-00391,fix,ticket_evidence_txn_id
tr-00397,drop,duplicate_ticket_keep_tr-00078
tr-00407,fix,ticket_evidence_amount_paise
tr-00413,fix,schema_priority_order_and_thresholds
tr-00420,fix,ticket_evidence_txn_id
tr-00424,fix,schema_priority_order_and_thresholds
tr-00427,fix,schema_priority_order_and_thresholds
tr-00436,drop,duplicate_ticket_keep_tr-00175
tr-00452,fix,schema_priority_order_and_thresholds
tr-00454,drop,duplicate_ticket_keep_tr-00444
tr-00456,drop,duplicate_ticket_keep_tr-00079
tr-00457,fix,legacy_schema_prio_to_priority
tr-00460,fix,ticket_evidence_txn_id
tr-00461,fix,legacy_schema_prio_to_priority
tr-00470,fix,ticket_evidence_txn_id
tr-00472,fix,ticket_evidence_amount_paise
tr-00473,drop,duplicate_ticket_keep_tr-00009
tr-00475,fix,legacy_schema_prio_to_priority
tr-00476,drop,duplicate_ticket_keep_tr-00191
tr-00478,drop,truncated_or_invalid_json
tr-00485,fix,schema_priority_order_and_thresholds
tr-00492,fix,schema_needs_human_repeat_or_p1
tr-00497,drop,truncated_or_invalid_json
tr-00502,drop,duplicate_ticket_keep_tr-00323
tr-00503,fix,schema_priority_order_and_thresholds
tr-00505,fix,schema_priority_order_and_thresholds
tr-00508,fix,schema_priority_order_and_thresholds
tr-00516,fix,legacy_schema_prio_to_priority
tr-00523,fix,schema_priority_order_and_thresholds
tr-00532,drop,duplicate_ticket_keep_tr-00435
tr-00533,fix,schema_priority_order_and_thresholds
tr-00534,drop,duplicate_ticket_keep_tr-00251
tr-00540,drop,duplicate_ticket_keep_tr-00429
tr-00546,drop,duplicate_ticket_keep_tr-00490
tr-00555,drop,empty_or_test_ticket_unrelated_label
tr-00556,fix,legacy_schema_prio_to_priority;ticket_evidence_txn_date
tr-00558,drop,truncated_or_invalid_json
tr-00560,fix,ticket_evidence_amount_paise
tr-00567,fix,schema_priority_order_and_thresholds
tr-00570,fix,ticket_evidence_txn_id
tr-00573,drop,duplicate_ticket_keep_tr-00203
tr-00577,fix,legacy_schema_prio_to_priority;ticket_evidence_txn_date
tr-00581,drop,duplicate_ticket_keep_tr-00108
tr-00589,fix,legacy_schema_prio_to_priority
tr-00595,fix,ticket_evidence_txn_id
tr-00601,fix,schema_needs_human_repeat_or_p1
tr-00602,fix,legacy_schema_prio_to_priority;ticket_evidence_txn_date
tr-00605,drop,truncated_or_invalid_json
tr-00606,fix,legacy_schema_prio_to_priority
tr-00610,fix,legacy_schema_prio_to_priority
tr-00622,fix,ticket_evidence_amount_paise
tr-00628,fix,legacy_schema_prio_to_priority;ticket_evidence_txn_date
tr-00638,fix,schema_priority_order_and_thresholds
tr-00648,fix,schema_priority_order_and_thresholds
tr-00649,fix,ticket_evidence_txn_id
tr-00653,fix,ticket_evidence_amount_paise
tr-00656,fix,legacy_schema_prio_to_priority;ticket_evidence_txn_date
tr-00665,drop,duplicate_ticket_keep_tr-00322
tr-00670,fix,legacy_schema_prio_to_priority;ticket_evidence_txn_date
tr-00674,drop,truncated_or_invalid_json
tr-00677,fix,legacy_schema_prio_to_priority;ticket_evidence_txn_date
tr-00685,fix,legacy_schema_prio_to_priority
tr-00688,fix,ticket_evidence_amount_paise
tr-00689,fix,schema_priority_order_and_thresholds
tr-00691,fix,ticket_evidence_amount_paise;schema_needs_human_repeat_or_p1
tr-00701,drop,duplicate_ticket_keep_tr-00384
tr-00704,fix,legacy_schema_prio_to_priority;ticket_evidence_txn_date
tr-00706,fix,schema_priority_order_and_thresholds
tr-00707,fix,schema_priority_order_and_thresholds
tr-00716,drop,duplicate_ticket_keep_tr-00149
tr-00717,fix,schema_priority_order_and_thresholds
tr-00727,fix,ticket_evidence_amount_paise
tr-00735,drop,truncated_or_invalid_json
tr-00744,fix,legacy_schema_prio_to_priority
tr-00745,fix,schema_priority_order_and_thresholds
tr-00746,fix,schema_priority_order_and_thresholds
tr-00757,fix,schema_priority_order_and_thresholds
tr-00761,drop,duplicate_ticket_keep_tr-00127
tr-00765,drop,truncated_or_invalid_json
tr-00771,fix,ticket_evidence_txn_id
tr-00773,drop,duplicate_ticket_keep_tr-00186
tr-00778,fix,legacy_schema_prio_to_priority
tr-00782,fix,schema_priority_order_and_thresholds
tr-00783,drop,duplicate_ticket_keep_tr-00441
tr-00790,drop,empty_or_test_ticket_unrelated_label
tr-00791,fix,legacy_schema_prio_to_priority;ticket_evidence_txn_date
tr-00794,drop,empty_or_test_ticket_unrelated_label
tr-00795,fix,ticket_evidence_amount_paise
tr-00800,drop,duplicate_ticket_keep_tr-00530
tr-00802,fix,schema_priority_order_and_thresholds
tr-00809,drop,truncated_or_invalid_json
tr-00811,drop,duplicate_ticket_keep_tr-00052
tr-00820,fix,legacy_schema_prio_to_priority;ticket_evidence_txn_date
tr-00824,drop,truncated_or_invalid_json
tr-00838,fix,ticket_evidence_txn_id
tr-00839,fix,legacy_schema_prio_to_priority;ticket_evidence_txn_date
tr-00843,drop,duplicate_ticket_keep_tr-00479
tr-00845,fix,ticket_evidence_amount_paise
tr-00846,drop,truncated_or_invalid_json
tr-00852,fix,schema_priority_order_and_thresholds
tr-00861,drop,duplicate_ticket_keep_tr-00764
tr-00870,drop,duplicate_ticket_keep_tr-00099
tr-00879,fix,schema_priority_order_and_thresholds
tr-00880,drop,duplicate_ticket_keep_tr-00451
tr-00888,fix,ticket_evidence_txn_id
tr-00890,fix,schema_priority_order_and_thresholds
tr-00899,fix,ticket_evidence_txn_id
tr-00908,fix,ticket_evidence_txn_id
tr-00913,drop,duplicate_ticket_keep_tr-00181
tr-00920,fix,ticket_evidence_amount_paise
tr-00922,fix,legacy_schema_prio_to_priority
tr-00932,fix,schema_priority_order_and_thresholds
tr-00933,fix,schema_priority_order_and_thresholds
tr-00936,drop,duplicate_ticket_keep_tr-00766
tr-00958,drop,truncated_or_invalid_json
tr-00960,drop,truncated_or_invalid_json
tr-00967,fix,schema_priority_order_and_thresholds
tr-00968,drop,duplicate_ticket_keep_tr-00239
tr-00975,drop,truncated_or_invalid_json
tr-00977,drop,duplicate_ticket_keep_tr-00272
tr-00978,drop,truncated_or_invalid_json
tr-00979,drop,truncated_or_invalid_json
tr-00980,drop,truncated_or_invalid_json
tr-00985,fix,legacy_schema_prio_to_priority;ticket_evidence_txn_date
tr-00986,fix,ticket_evidence_amount_paise
tr-00987,fix,legacy_schema_prio_to_priority
tr-00997,fix,schema_needs_human_repeat_or_p1
tr-01000,drop,duplicate_ticket_keep_tr-00238
tr-01002,fix,schema_needs_human_repeat_or_p1
tr-01006,fix,legacy_schema_prio_to_priority
tr-01011,drop,duplicate_ticket_keep_tr-00221
tr-01012,fix,ticket_evidence_txn_id
tr-01013,drop,duplicate_ticket_keep_tr-00584
tr-01017,fix,schema_priority_order_and_thresholds
tr-01019,fix,schema_priority_order_and_thresholds
tr-01023,fix,schema_priority_order_and_thresholds
tr-01028,fix,legacy_schema_prio_to_priority
tr-01030,drop,duplicate_ticket_keep_tr-00342
tr-01032,drop,empty_or_test_ticket_unrelated_label
tr-01033,drop,duplicate_ticket_keep_tr-00135
tr-01044,drop,duplicate_ticket_keep_tr-01016
tr-01046,fix,legacy_schema_prio_to_priority;ticket_evidence_txn_date
tr-01048,fix,schema_priority_order_and_thresholds
tr-01052,drop,duplicate_ticket_keep_tr-00934
tr-01067,drop,duplicate_ticket_keep_tr-00445
tr-01070,drop,truncated_or_invalid_json
tr-01083,fix,legacy_schema_prio_to_priority
tr-01085,drop,duplicate_ticket_keep_tr-00883
tr-01086,fix,schema_priority_order_and_thresholds
tr-01087,drop,truncated_or_invalid_json
tr-01089,fix,legacy_schema_prio_to_priority
tr-01093,drop,duplicate_ticket_keep_tr-00408
tr-01095,fix,ticket_evidence_amount_paise
tr-01104,drop,duplicate_ticket_keep_tr-00954
tr-01108,drop,duplicate_ticket_keep_tr-00632
tr-01109,fix,schema_priority_order_and_thresholds
tr-01112,drop,duplicate_ticket_keep_tr-00057
tr-01115,fix,legacy_schema_prio_to_priority
tr-01131,fix,schema_priority_order_and_thresholds
tr-01133,fix,legacy_schema_prio_to_priority;ticket_evidence_txn_date
tr-01134,drop,duplicate_ticket_keep_tr-00446
tr-01135,drop,duplicate_ticket_keep_tr-00686
tr-01136,fix,ticket_evidence_txn_id
tr-01138,drop,duplicate_ticket_keep_tr-00165
tr-01139,drop,duplicate_ticket_keep_tr-00354
tr-01141,drop,duplicate_ticket_keep_tr-00356
tr-01143,fix,legacy_schema_prio_to_priority;ticket_evidence_txn_date
tr-01146,fix,schema_priority_order_and_thresholds
tr-01151,fix,legacy_schema_prio_to_priority
tr-01158,fix,legacy_schema_prio_to_priority;ticket_evidence_txn_date
tr-01166,drop,empty_or_test_ticket_unrelated_label
tr-01176,drop,duplicate_ticket_keep_tr-00148
tr-01178,fix,legacy_schema_prio_to_priority;ticket_evidence_txn_date
tr-01180,fix,schema_needs_human_repeat_or_p1
tr-01183,drop,duplicate_ticket_keep_tr-00617
tr-01188,fix,ticket_evidence_txn_id
tr-01196,fix,schema_needs_human_repeat_or_p1
tr-01199,drop,truncated_or_invalid_json
tr-01202,fix,legacy_schema_prio_to_priority
tr-01204,drop,duplicate_ticket_keep_tr-00767
tr-01206,fix,schema_needs_human_repeat_or_p1
tr-01218,fix,schema_needs_human_repeat_or_p1
tr-01222,fix,schema_priority_order_and_thresholds
tr-01232,fix,schema_needs_human_repeat_or_p1
tr-01238,fix,ticket_evidence_txn_id
tr-01239,drop,duplicate_ticket_keep_tr-00842
tr-01241,drop,duplicate_ticket_keep_tr-01233
tr-01246,drop,duplicate_ticket_keep_tr-00851
tr-01248,drop,duplicate_ticket_keep_tr-00856
tr-01250,drop,duplicate_ticket_keep_tr-01058
tr-01255,fix,schema_needs_human_repeat_or_p1
tr-01260,drop,duplicate_ticket_keep_tr-01054
tr-01273,drop,duplicate_ticket_keep_tr-01014
tr-01274,fix,legacy_schema_prio_to_priority;ticket_evidence_txn_date
tr-01275,drop,duplicate_ticket_keep_tr-00947
tr-01286,fix,legacy_schema_prio_to_priority
tr-01301,fix,legacy_schema_prio_to_priority
tr-01304,drop,empty_or_test_ticket_unrelated_label
tr-01305,fix,schema_priority_order_and_thresholds
tr-01311,fix,ticket_evidence_amount_paise
tr-01314,drop,empty_or_test_ticket_unrelated_label
tr-01315,fix,schema_needs_human_repeat_or_p1
tr-01319,fix,schema_priority_order_and_thresholds
tr-01326,fix,legacy_schema_prio_to_priority
tr-01331,fix,legacy_schema_prio_to_priority
tr-01338,drop,duplicate_ticket_keep_tr-00591
tr-01343,fix,legacy_schema_prio_to_priority;ticket_evidence_txn_date
tr-01355,fix,ticket_evidence_amount_paise
tr-01359,fix,legacy_schema_prio_to_priority;schema_needs_human_repeat_or_p1
tr-01363,fix,ticket_evidence_txn_id
tr-01366,fix,legacy_schema_prio_to_priority;ticket_evidence_txn_date
tr-01370,fix,schema_priority_order_and_thresholds
tr-01375,fix,ticket_evidence_amount_paise
tr-01381,drop,duplicate_ticket_keep_tr-00886
tr-01386,fix,legacy_schema_prio_to_priority
tr-01393,drop,duplicate_ticket_keep_tr-00039
tr-01398,drop,duplicate_ticket_keep_tr-00625
tr-01399,drop,duplicate_ticket_keep_tr-00369
tr-01403,fix,schema_priority_order_and_thresholds
tr-01407,fix,schema_priority_order_and_thresholds
tr-01409,drop,duplicate_ticket_keep_tr-01208
tr-01413,fix,legacy_schema_prio_to_priority
tr-01419,drop,duplicate_ticket_keep_tr-00303
tr-01427,drop,duplicate_ticket_keep_tr-01268
tr-01433,drop,duplicate_ticket_keep_tr-00896
tr-01440,fix,schema_needs_human_repeat_or_p1
tr-01441,fix,legacy_schema_prio_to_priority
tr-01443,drop,duplicate_ticket_keep_tr-01357
